Country,Year,Carbon stocks in forests,Forest area,Index of carbon stocks in forests,Index of forest extent,Land area,Share of forest area
"Afghanistan, Islamic Rep. of",1992,2120.071125,1208.44,100,100,65223,1.852781994
"Afghanistan, Islamic Rep. of",1993,2160.349425,1208.44,101.0724423,100,65223,1.852781994
"Afghanistan, Islamic Rep. of",1994,2200.62775,1208.44,102.1448933,100,65223,1.852781994
"Afghanistan, Islamic Rep. of",1995,2240.906,1208.44,103.2173317,100,65223,1.852781994
"Afghanistan, Islamic Rep. of",1996,2281.1843,1208.44,104.289774,100,65223,1.852781994
"Afghanistan, Islamic Rep. of",1997,2321.462625,1208.44,105.362225,100,65223,1.852781994
"Afghanistan, Islamic Rep. of",1998,2361.740925,1208.44,106.4346673,100,65223,1.852781994
"Afghanistan, Islamic Rep. of",1999,2402.0192,1208.44,107.5071067,100,65223,1.852781994
"Afghanistan, Islamic Rep. of",2000,2442.297475,1208.44,108.5795456,100,65223,1.852781994
"Afghanistan, Islamic Rep. of",2001,2467.687975,1208.44,109.2260035,100,65223,1.852781994
"Afghanistan, Islamic Rep. of",2002,2493.078475,1208.44,109.8724621,100,65223,1.852781994
"Afghanistan, Islamic Rep. of",2003,2518.46895,1208.44,110.5189166,100,65223,1.852781994
"Afghanistan, Islamic Rep. of",2004,2543.859475,1208.44,111.1653757,100,65223,1.852781994
"Afghanistan, Islamic Rep. of",2005,2569.249975,1208.44,111.8118337,100,65223,1.852781994
"Afghanistan, Islamic Rep. of",2006,2594.640425,1208.44,112.4582878,100,65223,1.852781994
"Afghanistan, Islamic Rep. of",2007,2620.03095,1208.44,113.1047468,100,65223,1.852781994
"Afghanistan, Islamic Rep. of",2008,2645.421425,1208.44,113.7512013,100,65223,1.852781994
"Afghanistan, Islamic Rep. of",2009,2670.811925,1208.44,114.3976599,100,65223,1.852781994
"Afghanistan, Islamic Rep. of",2010,2696.202425,1208.44,115.0441179,100,65223,1.852781994
"Afghanistan, Islamic Rep. of",2011,2749.213225,1208.44,116.0218071,100,65223,1.852781994
"Afghanistan, Islamic Rep. of",2012,2802.224025,1208.44,116.9994964,100,65223,1.852781994
"Afghanistan, Islamic Rep. of",2013,2855.234825,1208.44,117.9771756,100,65223,1.852781994
"Afghanistan, Islamic Rep. of",2014,2908.245625,1208.44,118.9548648,100,65223,1.852781994
"Afghanistan, Islamic Rep. of",2015,2961.25645,1208.44,119.9325545,100,65223,1.852781994
"Afghanistan, Islamic Rep. of",2016,3016.3776,1208.44,120.744521,100,65223,1.852781994
"Afghanistan, Islamic Rep. of",2017,3061.3682,1208.44,121.5855074,100,65223,1.852781994
"Afghanistan, Islamic Rep. of",2018,3105.987825,1208.44,122.3071967,100,65223,1.852781994
"Afghanistan, Islamic Rep. of",2019,3149.9656,1208.44,123.0195713,100,65223,1.852781994
"Afghanistan, Islamic Rep. of",2020,3194.86485,1208.44,123.7458379,100,65223,1.852781994
Argentina,1992,3641.7913,34838.8,100,100,273669,12.73026905
Argentina,1993,3630.4948,34656.2,99.68980924,99.47587173,273669,12.66354611
Argentina,1994,3619.1983,34473.6,99.37961849,98.95174346,273669,12.59682317
Argentina,1995,3607.9018,34291,99.06942773,98.42761519,273669,12.53010023
Argentina,1996,3596.6053,34108.4,98.75923697,97.90348692,273669,12.46337729
Argentina,1997,3585.3087,33925.8,98.44904347,97.37935865,273669,12.39665435
Argentina,1998,3574.0122,33743.2,98.13885271,96.85523038,273669,12.32993141
Argentina,1999,3562.7157,33560.6,97.82866196,96.3311021,273669,12.26320847
Argentina,2000,3551.4192,33378,97.5184712,95.80697383,273669,12.19648554
Argentina,2001,3526.3652,33061.6,96.83051305,94.898791,273669,12.08087142
Argentina,2002,3501.3113,32745.2,96.14255765,93.99060817,273669,11.9652573
Argentina,2003,3476.2573,32428.8,95.4545995,93.08242534,273669,11.84964318
Argentina,2004,3451.2033,32112.4,94.76664135,92.17424251,273669,11.73402906
Argentina,2005,3426.1494,31796,94.07868595,91.26605968,273669,11.61841495
Argentina,2006,3401.0954,31479.6,93.3907278,90.35787685,273669,11.50280083
Argentina,2007,3376.0414,31163.2,92.70276965,89.44969402,273669,11.38718671
Argentina,2008,3350.9874,30846.8,92.0148115,88.54151119,273669,11.27157259
Argentina,2009,3325.9335,30530.4,91.3268561,87.63332836,273669,11.15595848
Argentina,2010,3300.8795,30214,90.63889795,86.72514553,273669,11.04034436
Argentina,2011,3283.8055,29990.6,90.17006274,86.08390645,273669,10.9587129
Argentina,2012,3266.7315,29767.2,89.70122753,85.44266737,273669,10.87708144
Argentina,2013,3249.6575,29543.8,89.23239231,84.80142829,273669,10.79544998
Argentina,2014,3232.5835,29320.4,88.7635571,84.16018921,273669,10.71381852
Argentina,2015,3215.5095,29097,88.29472189,83.51895014,273669,10.63218706
Argentina,2016,3209.6664,29010,88.13427612,83.26922856,273669,10.60039683
Argentina,2017,3201.7202,28899,87.9160813,82.95061828,273669,10.55983688
Argentina,2018,3194.3614,28791,87.7140159,82.64061908,273669,10.52037315
Argentina,2019,3186.7459,28681,87.50490178,82.32487916,273669,10.48017861
Argentina,2020,3179.032,28573,87.29308569,82.01487996,273669,10.44071488
Australia,1992,8425.8715,133468.58,100,100,768230,17.37351835
Australia,1993,8412.8155,133261.77,99.84504867,99.84504967,768230,17.34659802
Australia,1994,8399.7596,133054.96,99.69009853,99.69009935,768230,17.3196777
Australia,1995,8386.7037,132848.15,99.53514838,99.53514902,768230,17.29275738
Australia,1996,8373.6478,132641.34,99.38019824,99.3801987,768230,17.26583705
Australia,1997,8360.5919,132434.53,99.22524809,99.22524837,768230,17.23891673
Australia,1998,8347.536,132227.72,99.07029795,99.07029804,768230,17.21199641
Australia,1999,8334.48,132020.91,98.91534662,98.91534772,768230,17.18507608
Australia,2000,8321.4241,131814.1,98.76039648,98.76039739,768230,17.15815576
Australia,2001,8314.1017,131587.3,98.67349271,98.59046976,768230,17.12863335
Australia,2002,8306.7793,131360.5,98.58658894,98.42054212,768230,17.09911094
Australia,2003,8299.4569,131133.7,98.49968517,98.25061449,768230,17.06958853
Australia,2004,8292.1346,130906.9,98.41278258,98.08068686,768230,17.04006613
Australia,2005,8284.8122,130680.1,98.32587881,97.91075922,768230,17.01054372
Australia,2006,8277.4898,130453.3,98.23897504,97.74083159,768230,16.98102131
Australia,2007,8270.1674,130226.5,98.15207127,97.57090395,768230,16.9514989
Australia,2008,8262.845,129999.7,98.0651675,97.40097632,768230,16.92197649
Australia,2009,8255.5226,129772.9,97.97826373,97.23104869,768230,16.89245408
Australia,2010,8248.2002,129546.1,97.89135996,97.06112105,768230,16.86293167
Australia,2011,8256.9176,130255.78,97.99481988,97.5928417,768230,16.95531026
Australia,2012,8265.6351,130965.46,98.09828099,98.12456235,768230,17.04768884
Australia,2013,8274.3525,131675.14,98.20174091,98.656283,768230,17.14006743
Australia,2014,8283.0699,132384.82,98.30520083,99.18800365,768230,17.23244601
Australia,2015,8291.7874,133094.5,98.40866194,99.7197243,768230,17.3248246
Australia,2016,8291.5412,134037.2,98.40573999,100.4260329,769202,17.42548771
Australia,2017,8292.9967,134017.4,98.42301417,100.4111979,769202,17.42291362
Australia,2018,8292.2356,134005.1,98.41398127,100.4019822,769202,17.42131456
Australia,2019,8292.2356,134005.1,98.41398127,100.4019822,769202,17.42131456
Australia,2020,8292.2356,134005.1,98.41398127,100.4019822,769202,17.42131456
Bangladesh,1992,83.5919,1920.3296,100,100,13017,14.75247446
Bangladesh,1993,83.5919,1920.3294,100,99.99998959,13017,14.75247292
Bangladesh,1994,83.5919,1920.3292,100,99.99997917,13017,14.75247138
Bangladesh,1995,83.5919,1920.329,100,99.99996876,13017,14.75246985
Bangladesh,1996,83.5919,1920.3289,100,99.99996355,13017,14.75246908
Bangladesh,1997,83.5919,1920.3287,100,99.99995313,13017,14.75246754
Bangladesh,1998,83.5919,1920.3285,100,99.99994272,13017,14.75246601
Bangladesh,1999,83.5919,1920.3283,100,99.9999323,13017,14.75246447
Bangladesh,2000,83.5919,1920.3281,100,99.99992189,13017,14.75246293
Bangladesh,2001,83.4526,1917.1295,99.83335706,99.83335673,13017,14.72789045
Bangladesh,2002,83.3134,1913.9309,99.66683375,99.66679158,13017,14.70331797
Bangladesh,2003,83.1742,1910.7323,99.50031044,99.50022642,13017,14.67874549
Bangladesh,2004,83.0349,1907.5337,99.3336675,99.33366126,13017,14.654173
Bangladesh,2005,82.8957,1904.3351,99.16714419,99.16709611,13017,14.62960052
Bangladesh,2006,82.7565,1901.1365,99.00062087,99.00053095,13017,14.60502804
Bangladesh,2007,82.6172,1897.9379,98.83397793,98.83396579,13017,14.58045556
Bangladesh,2008,82.478,1894.7393,98.66745462,98.66740064,13017,14.55588308
Bangladesh,2009,82.3388,1891.5406,98.50093131,98.50083027,13017,14.53130983
Bangladesh,2010,82.1995,1888.342,98.33428837,98.33426512,13017,14.50673734
Bangladesh,2011,82.1565,1887.3536,98.28284798,98.28279479,13017,14.4991442
Bangladesh,2012,82.1135,1886.3652,98.23140759,98.23132446,13017,14.49155105
Bangladesh,2013,82.0705,1885.3768,98.1799672,98.17985413,13017,14.4839579
Bangladesh,2014,82.0274,1884.3884,98.12840718,98.12838379,13017,14.47636475
Bangladesh,2015,81.9844,1883.4,98.07696679,98.07691346,13017,14.46877161
Bangladesh,2016,81.9844,1883.4,98.07696679,98.07691346,13017,14.46877161
Bangladesh,2017,81.9844,1883.4,98.07696679,98.07691346,13017,14.46877161
Bangladesh,2018,81.9844,1883.4,98.07696679,98.07691346,13017,14.46877161
Bangladesh,2019,81.9844,1883.4,98.07696679,98.07691346,13017,14.46877161
Bangladesh,2020,81.9844,1883.4,98.07696679,98.07691346,13017,14.46877161
Brazil,1992,58129.1412,581336.12,100,100,835814,69.55328817
Brazil,1993,57845.98,577555.18,99.51287565,99.34961206,835814,69.10092198
Brazil,1994,57562.8187,573774.24,99.02575113,98.69922413,835814,68.64855578
Brazil,1995,57279.6575,569993.3,98.53862678,98.04883619,835814,68.19618958
Brazil,1996,56996.4963,566212.36,98.05150244,97.39844825,835814,67.74382339
Brazil,1997,56713.3351,562431.42,97.56437809,96.74806031,835814,67.29145719
Brazil,1998,56430.1738,558650.48,97.07725357,96.09767238,835814,66.83909099
Brazil,1999,56147.0126,554869.54,96.59012922,95.44728444,835814,66.3867248
Brazil,2000,55863.8514,551088.6,96.10300487,94.7968965,835814,65.9343586
Brazil,2001,55563.6296,547137.81,95.58653105,94.11729139,835814,65.4616709
Brazil,2002,55263.4079,543187.02,95.07005739,93.43768627,835814,64.98898319
Brazil,2003,54963.1861,539236.23,94.55358356,92.75808116,835814,64.51629549
Brazil,2004,54662.9643,535285.44,94.03710974,92.07847605,835814,64.04360779
Brazil,2005,54362.7426,531334.65,93.52063608,91.39887093,835814,63.57092009
Brazil,2006,54062.5208,527383.86,93.00416226,90.71926582,835814,63.09823238
Brazil,2007,53762.299,523433.07,92.48768843,90.0396607,835814,62.62554468
Brazil,2008,53462.0773,519482.28,91.97121478,89.36005559,835814,62.15285698
Brazil,2009,53161.8555,515531.49,91.45474095,88.68045048,835814,61.68016927
Brazil,2010,52861.6337,511580.7,90.93826712,88.00084536,835814,61.20748157
Brazil,2011,52790.2662,510041.52,90.81549307,87.73607943,835814,61.02332816
Brazil,2012,52718.8987,508502.34,90.69271902,87.4713135,835814,60.83917474
Brazil,2013,52647.5312,506963.16,90.56994498,87.20654756,835814,60.65502133
Brazil,2014,52576.1637,505423.98,90.44717093,86.94178163,835814,60.47086792
Brazil,2015,52504.7962,503884.8,90.32439688,86.6770157,835814,60.28671451
Brazil,2016,52367.163,502082.1,90.08762545,86.36691971,835814,60.07103255
Brazil,2017,52209.563,500091.6,89.81650498,86.02451883,835814,59.83288148
Brazil,2018,52150.8713,499051.4,89.7155372,85.8455862,835814,59.70842795
Brazil,2019,52059.7671,497798.5,89.55880996,85.63006544,835814,59.55852618
Brazil,2020,51981.1735,496619.6,89.4236048,85.42727398,835814,59.41747805
Canada,1992,20617.0769,348178.738,100,100,896559,38.83500562
Canada,1993,20604.5471,348131.642,99.93922611,99.98647361,896559,38.82975264
Canada,1994,20592.0172,348084.546,99.87845173,99.97294723,896559,38.82449967
Canada,1995,20579.4874,348037.45,99.81767784,99.95942084,896559,38.8192467
Canada,1996,20566.9575,347990.354,99.75690346,99.94589446,896559,38.81399372
Canada,1997,20554.4277,347943.258,99.69612957,99.93236807,896559,38.80874075
Canada,1998,20541.8979,347896.162,99.63535568,99.91884168,896559,38.80348778
Canada,1999,20529.368,347849.066,99.5745813,99.9053153,896559,38.79823481
Canada,2000,20516.8382,347801.97,99.51380741,99.89178891,896559,38.79298183
Canada,2001,20440.0285,347753.994,99.14125363,99.87800978,896559,38.78763071
Canada,2002,20363.2187,347706.018,98.76869936,99.86423065,896559,38.78227958
Canada,2003,20286.409,347658.042,98.39614558,99.85045152,896559,38.77692846
Canada,2004,20209.5993,347610.066,98.02359179,99.83667239,896559,38.77157733
Canada,2005,20132.7895,347562.09,97.65103752,99.82289326,896559,38.7662262
Canada,2006,20055.9798,347514.114,97.27848374,99.80911413,896559,38.76087508
Canada,2007,19979.1701,347466.138,96.90592996,99.795335,896559,38.75552395
Canada,2008,19902.3603,347418.162,96.53337569,99.78155587,896559,38.75017283
Canada,2009,19825.5506,347370.186,96.16082191,99.76777674,896559,38.7448217
Canada,2010,19748.7409,347322.21,95.78826812,99.75399761,896559,38.73947058
Canada,2011,19717.2348,347280.91,95.63545257,99.74213589,896559,38.73486407
Canada,2012,19685.7288,347239.61,95.4826375,99.73027417,896559,38.73025757
Canada,2013,19654.2227,347198.31,95.32982195,99.71841244,896559,38.72565107
Canada,2014,19622.7167,347157.01,95.17700688,99.70655072,896559,38.72104457
Canada,2015,19591.2107,347115.71,95.02419181,99.694689,896559,38.71643807
Canada,2016,19578.5594,347076.04,94.96282861,99.68329542,896559,38.71201338
Canada,2017,19576.4728,347039.05,94.95270787,99.67267157,896559,38.7078876
Canada,2018,19574.3868,347002.07,94.94259004,99.66205059,896559,38.70376294
Canada,2019,19572.3002,346965.08,94.93246931,99.65142673,896559,38.69963717
Canada,2020,19570.2141,346928.1,94.922351,99.64080575,896559,38.69551251
"China, P.R.: Mainland",1992,5188.5163,161112.582,100,100,938825,17.16108774
"China, P.R.: Mainland",1993,5284.2391,163098.578,101.8448974,101.2326759,938825,17.37262834
"China, P.R.: Mainland",1994,5379.9619,165084.574,103.6897947,102.4653518,938825,17.58416893
"China, P.R.: Mainland",1995,5475.6846,167070.57,105.5346901,103.6980278,938824,17.79572849
"China, P.R.: Mainland",1996,5571.4074,169056.566,107.3795875,104.9307037,938823,18.00728849
"China, P.R.: Mainland",1997,5667.1302,171042.562,109.2244848,106.1633796,938823,18.21882953
"China, P.R.: Mainland",1998,5762.853,173028.558,111.0693822,107.3960555,938823,18.43037058
"China, P.R.: Mainland",1999,5858.5757,175014.554,112.9142776,108.6287314,938823,18.64191163
"China, P.R.: Mainland",2000,5954.2985,177000.55,114.759175,109.8614073,938822,18.85347276
"China, P.R.: Mainland",2001,6045.3574,179361.533,116.5141834,111.3268317,938821.42,19.10496812
"China, P.R.: Mainland",2002,6136.4162,181722.516,118.26919,112.792256,938821.32,19.3564539
"China, P.R.: Mainland",2003,6227.4751,184083.499,120.0241984,114.2576804,938821.27,19.60793869
"China, P.R.: Mainland",2004,6318.534,186444.482,121.7792069,115.7231047,938821.25,19.85942287
"China, P.R.: Mainland",2005,6409.5929,188805.465,123.5342154,117.1885291,938821.18,20.11090813
"China, P.R.: Mainland",2006,6500.6517,191166.448,125.2892219,118.6539534,938821.14,20.36239278
"China, P.R.: Mainland",2007,6591.7106,193527.431,127.0442304,120.1193778,938821.08,20.61387789
"China, P.R.: Mainland",2008,6682.7695,195888.414,128.7992388,121.5848021,938821.08,20.86536169
"China, P.R.: Mainland",2009,6773.8283,198249.397,130.5542453,123.0502265,938821.1,21.11684505
"China, P.R.: Mainland",2010,6864.8872,200610.38,132.3092538,124.5156508,938821.1,21.36832885
"China, P.R.: Mainland",2011,7059.0225,202547.154,136.050888,125.7177754,938821.1,21.57462737
"China, P.R.: Mainland",2012,7253.1578,204483.928,139.7925222,126.9199,938821.1,21.78092589
"China, P.R.: Mainland",2013,7447.2931,206420.702,143.5341564,128.1220246,938821.1,21.9872244
"China, P.R.: Mainland",2014,7641.4284,208357.476,147.2757906,129.3241492,938821.1,22.19352292
"China, P.R.: Mainland",2015,7835.5638,210294.25,151.0174267,130.5262739,938821.1,22.39982144
"China, P.R.: Mainland",2016,8047.9798,212459.867,155.1113909,131.8704377,938821,22.63049793
"China, P.R.: Mainland",2017,8217.7753,214339.47,158.383916,133.0370771,938821,22.83070681
"China, P.R.: Mainland",2018,8387.1366,216219.04,161.6480727,134.2036961,938821,23.03091218
"China, P.R.: Mainland",2019,8553.8275,218098.61,164.8607618,135.3703152,938821,23.23111754
"China, P.R.: Mainland",2020,8724.3346,219978.18,168.1470019,136.5369342,938821,23.4313229
Colombia,1992,7281.6514,64513.612,100,100,110950,58.14656332
Colombia,1993,7256.5644,64291.348,99.6554765,99.65547736,110950,57.94623524
Colombia,1994,7231.4775,64069.084,99.31095438,99.31095472,110950,57.74590717
Colombia,1995,7206.3906,63846.82,98.96643226,98.96643208,110950,57.54557909
Colombia,1996,7181.3036,63624.556,98.62190876,98.62190944,110950,57.34525101
Colombia,1997,7156.2167,63402.292,98.27738664,98.27738679,110950,57.14492294
Colombia,1998,7131.1298,63180.028,97.93286451,97.93286415,110950,56.94459486
Colombia,1999,7106.0428,62957.764,97.58834102,97.58834151,110950,56.74426679
Colombia,2000,7080.9559,62735.5,97.2438189,97.24381887,110950,56.54393871
Colombia,2001,7059.1978,62542.729,96.94501168,96.94501216,110950,56.37019288
Colombia,2002,7037.4398,62349.958,96.64620583,96.64620546,110950,56.19644705
Colombia,2003,7015.6817,62157.187,96.34739861,96.34739875,110950,56.02270122
Colombia,2004,6993.9236,61964.416,96.0485914,96.04859204,110950,55.84895539
Colombia,2005,6972.1656,61771.645,95.74978555,95.74978533,110950,55.67520955
Colombia,2006,6950.4075,61578.874,95.45097833,95.45097862,110950,55.50146372
Colombia,2007,6928.6494,61386.103,95.15217111,95.15217192,110950,55.32771789
Colombia,2008,6906.8914,61193.332,94.85336527,94.85336521,110950,55.15397206
Colombia,2009,6885.1333,61000.561,94.55455805,94.5545585,110950,54.98022623
Colombia,2010,6863.3753,60807.79,94.2557522,94.25575179,110950,54.8064804
Colombia,2011,6848.18,60673.164,94.04707289,94.04707335,110950,54.68514105
Colombia,2012,6832.9848,60538.538,93.83839496,93.83839491,110950,54.56380171
Colombia,2013,6817.7895,60403.912,93.62971564,93.62971647,110950,54.44246237
Colombia,2014,6802.5943,60269.286,93.42103771,93.42103803,110950,54.32112303
Colombia,2015,6787.3991,60134.66,93.21235977,93.21235959,110950,54.19978369
Colombia,2016,6767.6276,59959.49,92.94083482,92.94083549,110950,54.04190176
Colombia,2017,6742.8278,59739.77,92.60025549,92.60025621,110950,53.84386661
Colombia,2018,6720.334,59540.48,92.29134479,92.29134465,110950,53.66424516
Colombia,2019,6697.8412,59341.2,91.98244783,91.9824486,110950,53.48463272
Colombia,2020,6675.3474,59141.91,91.67353713,91.67353705,110950,53.30501127
France,1992,980.9054,14606.4,100,100,54756.6,26.67514053
France,1993,989.1958,14691.6,100.8451783,100.5833059,54756.6,26.83073821
France,1994,997.4861,14776.8,101.6903465,101.1666119,54756.6,26.98633589
France,1995,1005.7764,14862,102.5355146,101.7499178,54756.6,27.14193358
France,1996,1014.0667,14947.2,103.3806828,102.3332238,54756.6,27.29753126
France,1997,1022.357,15032.4,104.2258509,102.9165297,54756.6,27.45312894
France,1998,1030.6474,15117.6,105.0710293,103.4998357,54756.6,27.60872662
France,1999,1038.9377,15202.8,105.9161974,104.0831416,54756.6,27.7643243
France,2000,1047.228,15288,106.7613656,104.6664476,54756.7,27.91987099
France,2001,1066.797,15401.1,108.7563592,105.4407657,54756.7,28.12642106
France,2002,1086.3661,15514.2,110.751363,106.2150838,54756.7,28.33297112
France,2003,1105.9351,15627.3,112.7463566,106.9894019,54786.7,28.52389357
France,2004,1125.5041,15740.4,114.7413502,107.76372,54756.7,28.74607126
France,2005,1145.0731,15853.5,116.7363438,108.5380381,54755.7,28.95315008
France,2006,1164.6422,15966.6,118.7313476,109.3123562,54755.7,29.15970392
France,2007,1184.2112,16079.7,120.7263412,110.0866743,54755.7,29.36625776
France,2008,1203.7802,16192.8,122.7213348,110.8609924,54755.7,29.5728116
France,2009,1223.3493,16305.9,124.7163386,111.6353105,54755.7,29.77936544
France,2010,1242.9183,16419,126.7113322,112.4096287,54755.7,29.98591927
France,2011,1261.0169,16502.4,128.5564235,112.9806112,54755.7,30.13823218
France,2012,1279.1155,16585.8,130.4015148,113.5515938,54755.7,30.29054509
France,2013,1297.214,16669.2,132.2465958,114.1225764,54755.7,30.442858
France,2014,1315.3126,16752.6,134.0916871,114.693559,54755.7,30.59517091
France,2015,1333.4112,16836,135.9367784,115.2645416,54755.7,30.74748382
France,2016,1351.8601,16919.4,137.8175816,115.8355242,54755.7,30.89979673
France,2017,1370.4257,17002.8,139.7102819,116.4065067,54755.7,31.05210964
France,2018,1389.1081,17086.2,141.6148897,116.9774893,54755.7,31.20442255
France,2019,1407.9072,17169.6,143.5313946,117.5484719,54755.7,31.35673546
France,2020,1425.0978,17253,145.2839183,118.1194545,54755.7,31.50904837
Haiti,1992,21.0992,382.466,100,100,2756,13.8775762
Haiti,1993,21.0802,382.239,99.90994919,99.94064832,2756,13.86933962
Haiti,1994,21.0612,382.012,99.81989838,99.88129664,2756,13.86110305
Haiti,1995,21.0422,381.785,99.72984758,99.82194496,2756,13.85286647
Haiti,1996,21.0232,381.558,99.63979677,99.76259328,2756,13.8446299
Haiti,1997,21.0042,381.331,99.54974596,99.7032416,2756,13.83639332
Haiti,1998,20.9852,381.104,99.45969515,99.64388991,2756,13.82815675
Haiti,1999,20.9662,380.877,99.36964435,99.58453823,2756,13.81992017
Haiti,2000,20.9472,380.65,99.27959354,99.52518655,2756,13.8116836
Haiti,2001,20.9282,380.423,99.18954273,99.46583487,2756,13.80344702
Haiti,2002,20.9093,380.196,99.09996588,99.40648319,2756,13.79521045
Haiti,2003,20.8904,379.969,99.01038902,99.34713151,2756,13.78697388
Haiti,2004,20.8715,379.742,98.92081216,99.28777983,2756,13.7787373
Haiti,2005,20.8525,379.515,98.83076136,99.22842815,2756,13.77050073
Haiti,2006,20.8336,379.288,98.7411845,99.16907647,2756,13.76226415
Haiti,2007,20.8147,379.061,98.65160764,99.10972479,2756,13.75402758
Haiti,2008,20.7958,378.834,98.56203079,99.05037311,2756,13.745791
Haiti,2009,20.7769,378.607,98.47245393,98.99102142,2756,13.73755443
Haiti,2010,20.7579,378.38,98.38240312,98.93166974,2756,13.72931785
Haiti,2011,20.5803,375.274,97.54066505,98.11957141,2756,13.61661829
Haiti,2012,20.4026,372.168,96.69845302,97.30747308,2756,13.50391872
Haiti,2013,20.225,369.062,95.85671495,96.49537475,2756,13.39121916
Haiti,2014,20.0473,365.956,95.01450292,95.68327642,2756,13.27851959
Haiti,2015,19.8697,362.85,94.17276484,94.87117809,2756,13.16582003
Haiti,2016,19.6922,359.74,93.33150072,94.05803392,2756,13.05297533
Haiti,2017,19.5184,356.63,92.50777281,93.24488974,2756,12.94013062
Haiti,2018,19.3481,353.52,91.7006332,92.43174557,2756,12.82728592
Haiti,2019,19.1744,350.41,90.87737924,91.61860139,2756,12.71444122
Haiti,2020,19.0043,347.3,90.07118753,90.80545722,2756,12.60159652
India,1992,2342.6833,64668.6,100,100,297319,21.75057766
India,1993,2404.7006,65033.9,102.6472763,100.56488,297319,21.87344233
India,1994,2466.718,65399.2,105.2945569,101.12976,297319,21.996307
India,1995,2528.7353,65764.5,107.9418332,101.6946401,297319,22.11917166
India,1996,2590.7526,66129.8,110.5891095,102.2595201,297319,22.24203633
India,1997,2652.77,66495.1,113.2363901,102.8244001,297319,22.364901
India,1998,2714.7873,66860.4,115.8836664,103.3892801,297319,22.48776567
India,1999,2776.8047,67225.7,118.530947,103.9541601,297319,22.61063033
India,2000,2838.822,67591,121.1782233,104.5190402,297319,22.733495
India,2001,2839.1784,67781.5,121.1934366,104.813619,297319,22.7975676
India,2002,2839.5349,67972,121.2086542,105.1081978,297319,22.86164019
India,2003,2839.8913,68162.5,121.2238675,105.4027766,297319,22.92571279
India,2004,2840.2478,68353,121.2390851,105.6973554,297319,22.98978538
India,2005,2840.6042,68543.5,121.2542984,105.9919343,297319,23.05385798
India,2006,2840.9606,68734,121.2695118,106.2865131,297319,23.11793057
India,2007,2841.3171,68924.5,121.2847294,106.5810919,297319,23.18200317
India,2008,2841.6735,69115,121.2999427,106.8756707,297319,23.24607576
India,2009,2842.03,69305.5,121.3151603,107.1702495,297319,23.31014836
India,2010,2842.3864,69496,121.3303736,107.4648284,297319,23.37422095
India,2011,2861.7815,69762.4,122.1582747,107.8767748,297319,23.46382169
India,2012,2881.1766,70028.8,122.9861757,108.2887213,297319,23.55342242
India,2013,2900.5718,70295.2,123.8140811,108.7006677,297319,23.64302315
India,2014,2919.9669,70561.6,124.6419821,109.1126142,297319,23.73262388
India,2015,2939.362,70828,125.4698832,109.5245606,297319,23.82222461
India,2016,2950.4176,71094.4,125.9418036,109.9365071,297319,23.91182535
India,2017,2961.4732,71360.8,126.413724,110.3484535,297319,24.00142608
India,2018,2972.5288,71627.2,126.8856443,110.7603999,297319,24.09102681
India,2019,2983.5844,71893.6,127.3575647,111.1723464,297319,24.18062754
India,2020,2994.64,72160,127.8294851,111.5842928,297319,24.27022827
Indonesia,1992,11043.7016,115092,100,100,181157,63.53163278
Indonesia,1993,10979.1193,113365.5,99.41521147,98.49989574,181157,62.57859205
Indonesia,1994,10914.537,111639,98.83042294,96.99979147,181157,61.62555132
Indonesia,1995,10849.9547,109912.5,98.24563442,95.49968721,181157,60.67251058
Indonesia,1996,10785.3724,108186,97.66084589,93.99958294,181157,59.71946985
Indonesia,1997,10720.7901,106459.5,97.07605736,92.49947868,181157,58.76642912
Indonesia,1998,10656.2078,104733,96.49126883,90.99937441,181157,57.81338839
Indonesia,1999,10591.6255,103006.5,95.90648031,89.49927015,181157,56.86034765
Indonesia,2000,10527.0432,101280,95.32169178,87.99916588,187751.9,53.94352867
Indonesia,2001,10514.0833,101117.92,95.20434073,87.85833942,187751.9,53.85720198
Indonesia,2002,10501.1234,100955.84,95.08698967,87.71751295,187751.9,53.77087529
Indonesia,2003,10488.1635,100793.76,94.96963862,87.57668648,187751.9,53.6845486
Indonesia,2004,10475.2037,100631.68,94.85228848,87.43586001,187751.9,53.59822191
Indonesia,2005,10462.2438,100469.6,94.73493742,87.29503354,187751.9,53.51189522
Indonesia,2006,10449.2839,100307.52,94.61758637,87.15420707,187751.9,53.42556853
Indonesia,2007,10436.324,100145.44,94.50023532,87.0133806,187751.9,53.33924184
Indonesia,2008,10423.3641,99983.36,94.38288427,86.87255413,187751.9,53.25291515
Indonesia,2009,10410.4042,99821.28,94.26553322,86.73172766,187751.9,53.16658846
Indonesia,2010,10397.4443,99659.2,94.14818216,86.59090119,187751.9,53.08026177
Indonesia,2011,10300.2375,98732.94,93.26798091,85.78610155,187751.9,52.58691923
Indonesia,2012,10203.0306,97806.68,92.38777875,84.98130191,187751.9,52.09357668
Indonesia,2013,10105.8237,96880.42,91.50757659,84.17650228,187751.9,51.60023414
Indonesia,2014,10008.6168,95954.16,90.62737443,83.37170264,187751.9,51.10689159
Indonesia,2015,9911.41,95027.9,89.74717318,82.566903,187751.9,50.61354905
Indonesia,2016,9933.9906,95271.8,89.95163904,82.77882042,187751.9,50.74345453
Indonesia,2017,9798.9641,93949.8,88.72898286,81.63017412,187751.9,50.03933382
Indonesia,2018,9735.8074,93344.27,88.15710305,81.1040472,187751.9,49.71681778
Indonesia,2019,9672.6495,92738.73,87.58521237,80.57791158,187751.9,49.39429641
Indonesia,2020,9609.4928,92133.2,87.01333256,80.05178466,187751.9,49.07178037
"Iran, Islamic Rep. of",1992,723.3337,9125.98,100,100,162876,5.603023159
"Iran, Islamic Rep. of",1993,728.9014,9150.94,100.7697277,100.2735049,162876,5.6183477
"Iran, Islamic Rep. of",1994,734.469,9175.9,101.5394416,100.5470097,162876,5.633672241
"Iran, Islamic Rep. of",1995,740.0366,9200.86,102.3091555,100.8205146,162876,5.648996783
"Iran, Islamic Rep. of",1996,745.6043,9225.82,103.0788832,101.0940195,162876,5.664321324
"Iran, Islamic Rep. of",1997,751.1719,9250.78,103.8485971,101.3675244,162876,5.679645866
"Iran, Islamic Rep. of",1998,756.7396,9275.74,104.6183248,101.6410292,162876,5.694970407
"Iran, Islamic Rep. of",1999,762.3072,9300.7,105.3880387,101.9145341,162876,5.710294948
"Iran, Islamic Rep. of",2000,767.8748,9325.66,106.1577526,102.188039,162876,5.72561949
"Iran, Islamic Rep. of",2001,779.9484,9462.292,107.8269131,103.6852152,162876,5.809506619
"Iran, Islamic Rep. of",2002,792.022,9598.924,109.4960735,105.1823914,162876,5.893393747
"Iran, Islamic Rep. of",2003,804.0955,9735.556,111.1652201,106.6795676,162876,5.977280876
"Iran, Islamic Rep. of",2004,816.1691,9872.188,112.8343806,108.1767438,162876,6.061168005
"Iran, Islamic Rep. of",2005,828.2427,10008.82,114.503541,109.67392,162876,6.145055134
"Iran, Islamic Rep. of",2006,840.3162,10145.452,116.1726877,111.1710961,162876,6.228942263
"Iran, Islamic Rep. of",2007,852.3898,10282.084,117.8418481,112.6682723,162876,6.312829392
"Iran, Islamic Rep. of",2008,864.4633,10418.716,119.5109947,114.1654485,162876,6.396716521
"Iran, Islamic Rep. of",2009,876.5369,10555.348,121.1801552,115.6626247,162876,6.480603649
"Iran, Islamic Rep. of",2010,888.6105,10691.98,122.8493156,117.1598009,162876,6.564490778
"Iran, Islamic Rep. of",2011,888.6105,10691.98,122.8493156,117.1598009,162876,6.564490778
"Iran, Islamic Rep. of",2012,888.6105,10691.98,122.8493156,117.1598009,162876,6.564490778
"Iran, Islamic Rep. of",2013,888.6105,10691.98,122.8493156,117.1598009,162876,6.564490778
"Iran, Islamic Rep. of",2014,888.6105,10691.98,122.8493156,117.1598009,162876,6.564490778
"Iran, Islamic Rep. of",2015,888.6105,10691.98,122.8493156,117.1598009,162876,6.564490778
"Iran, Islamic Rep. of",2016,888.5937,10702.08,122.846993,117.270474,162876,6.570691815
"Iran, Islamic Rep. of",2017,888.5505,10710.59,122.8410207,117.3637242,162250,6.601288136
"Iran, Islamic Rep. of",2018,888.5199,10727.03,122.8367903,117.5438693,162250,6.611420647
"Iran, Islamic Rep. of",2019,888.5924,10743.47,122.8468133,117.7240143,162250,6.621553159
"Iran, Islamic Rep. of",2020,888.5345,10751.87,122.8388087,117.8160592,162250,6.626730354
Italy,1992,419.2432,7745.65,100,100,29411,26.33589473
Italy,1993,428.8748,7823.6,102.2973778,101.0063713,29411,26.60093162
Italy,1994,438.5065,7901.55,104.5947794,102.0127426,29411,26.86596852
Italy,1995,448.1382,7979.5,106.892181,103.019114,29411,27.13100541
Italy,1996,457.7698,8057.45,109.1895587,104.0254853,29411,27.3960423
Italy,1997,467.4015,8135.4,111.4869603,105.0318566,29411,27.66107919
Italy,1998,477.0332,8213.35,113.7843619,106.0382279,29411,27.92611608
Italy,1999,486.6649,8291.3,116.0817635,107.0445992,29411,28.19115297
Italy,2000,496.2965,8369.25,118.3791413,108.0509705,29571.8,28.30145612
Italy,2001,505.9811,8435.129,120.6891608,108.9014996,29571.8,28.52423255
Italy,2002,515.6657,8501.008,122.9991804,109.7520286,29571.8,28.74700897
Italy,2003,525.3502,8566.887,125.3091762,110.6025576,29571.8,28.9697854
Italy,2004,535.0348,8632.766,127.6191957,111.4530866,29571.8,29.19256183
Italy,2005,544.7194,8698.645,129.9292153,112.3036156,29571.8,29.41533826
Italy,2006,554.4039,8764.524,132.239211,113.1541446,29571.8,29.63811469
Italy,2007,564.0885,8830.403,134.5492306,114.0046736,29571.8,29.86089112
Italy,2008,573.7731,8896.282,136.8592502,114.8552026,29571.8,30.08366755
Italy,2009,583.4577,8962.161,139.1692698,115.7057316,29571.8,30.30644398
Italy,2010,593.1422,9028.04,141.4792655,116.5562606,29571.8,30.52922041
Italy,2011,602.8135,9081.848,143.7861127,117.2509473,29571.8,30.71117754
Italy,2012,612.4847,9135.656,146.092936,117.945634,29571.8,30.89313468
Italy,2013,622.156,9189.464,148.3997832,118.6403207,29571.8,31.07509181
Italy,2014,631.8273,9243.272,150.7066304,119.3350074,29571.8,31.25704895
Italy,2015,641.4985,9297.08,153.0134538,120.0296941,29571.8,31.43900608
Italy,2016,645.2114,9350.89,153.8990734,120.7244066,29571.8,31.62096998
Italy,2017,648.9243,9404.7,154.784693,121.4191191,29571.8,31.80293388
Italy,2018,652.6372,9458.51,155.6703126,122.1138316,29571.8,31.98489777
Italy,2019,656.3501,9512.32,156.5559322,122.8085442,29571.7,32.16697045
Italy,2020,660.063,9566.13,157.4415518,123.5032567,29571.7,32.34893496
Japan,1992,1191.796,24935.2,100,100,36460,68.390565
Japan,1993,1213.844,24927.8,101.849981,99.97032308,36460,68.37026879
Japan,1994,1235.892,24920.4,103.6999621,99.94064615,36460,68.34997257
Japan,1995,1257.94,24913,105.5499431,99.91096923,36460,68.32967636
Japan,1996,1279.988,24905.6,107.3999241,99.88129231,36450,68.32812071
Japan,1997,1302.036,24898.2,109.2499052,99.85161539,36450,68.30781893
Japan,1998,1324.084,24890.8,111.0998862,99.82193846,36450,68.28751715
Japan,1999,1346.132,24883.4,112.9498673,99.79226154,36450,68.26721536
Japan,2000,1368.18,24876,114.7998483,99.76258462,36450,68.24691358
Japan,2001,1396.1376,24885,117.145686,99.79867817,36450,68.27160494
Japan,2002,1424.0952,24894,119.4915237,99.83477173,36450,68.2962963
Japan,2003,1452.0528,24903,121.8373614,99.87086528,36450,68.32098765
Japan,2004,1480.0104,24912,124.1831991,99.90695884,36450,68.34567901
Japan,2005,1507.968,24921,126.5290368,99.94305239,36450,68.37037037
Japan,2006,1535.9256,24930,128.8748746,99.97914595,36450,68.39506173
Japan,2007,1563.8832,24939,131.2207123,100.0152395,36450,68.41975309
Japan,2008,1591.8408,24948,133.56655,100.0513331,36450,68.44444444
Japan,2009,1619.7984,24957,135.9123877,100.0874266,36450,68.4691358
Japan,2010,1647.756,24966,138.2582254,100.1235202,36450,68.49382716
Japan,2011,1662.432,24961.6,139.4896442,100.1058744,36450,68.48175583
Japan,2012,1677.108,24957.2,140.721063,100.0882287,36450,68.4696845
Japan,2013,1691.784,24952.8,141.9524818,100.070583,36450,68.45761317
Japan,2014,1706.46,24948.4,143.1839006,100.0529372,36450,68.44554184
Japan,2015,1721.136,24944,144.4153194,100.0352915,36450,68.43347051
Japan,2016,1745.8,24940,146.4848011,100.0192499,36450,68.42249657
Japan,2017,1770.385,24935,148.5476541,99.99919792,36450,68.40877915
Japan,2018,1770.385,24935,148.5476541,99.99919792,36450,68.40877915
Japan,2019,1770.385,24935,148.5476541,99.99919792,36450,68.40877915
Japan,2020,1770.385,24935,148.5476541,99.99919792,36450,68.40877915
"Korea, Rep. of",1992,157.7709,6536,100,100,9646,67.75865644
"Korea, Rep. of",1993,169.3448,6528.5,107.3358902,99.88525092,9646,67.680904
"Korea, Rep. of",1994,180.9187,6521,114.6717804,99.77050184,9646,67.60315157
"Korea, Rep. of",1995,192.4926,6513.5,122.0076706,99.65575275,9646,67.52539913
"Korea, Rep. of",1996,204.0665,6506,129.3435608,99.54100367,9646,67.44764669
"Korea, Rep. of",1997,215.6404,6498.5,136.679451,99.42625459,9646,67.36989426
"Korea, Rep. of",1998,227.2143,6491,144.0153412,99.31150551,9646,67.29214182
"Korea, Rep. of",1999,238.7882,6483.5,151.3512314,99.19675643,9646,67.21438938
"Korea, Rep. of",2000,250.3622,6476,158.687185,99.08200734,9646,67.13663695
"Korea, Rep. of",2001,266.7584,6467.1,169.0795958,98.94583843,9674,66.85032045
"Korea, Rep. of",2002,283.1547,6458.2,179.4720699,98.80966952,9679,66.72383511
"Korea, Rep. of",2003,299.5509,6449.3,189.8644807,98.67350061,9680,66.625
"Korea, Rep. of",2004,315.9472,6440.4,200.2569549,98.5373317,9682,66.51931419
"Korea, Rep. of",2005,332.3434,6431.5,210.6493656,98.40116279,9685,66.40681466
"Korea, Rep. of",2006,348.7397,6422.6,221.0418398,98.26499388,9688,66.29438481
"Korea, Rep. of",2007,365.1359,6413.7,231.4342505,98.12882497,9692,66.17519604
"Korea, Rep. of",2008,381.5322,6404.8,241.8267247,97.99265606,9699,66.03567378
"Korea, Rep. of",2009,397.9284,6395.9,252.2191355,97.85648715,9706,65.89635277
"Korea, Rep. of",2010,414.3247,6387,262.6116096,97.72031824,9720,65.70987654
"Korea, Rep. of",2011,428.0863,6377,271.3341307,97.56731946,9719,65.61374627
"Korea, Rep. of",2012,441.848,6367,280.0567151,97.41432069,9731,65.43006885
"Korea, Rep. of",2013,455.6096,6357,288.7792362,97.26132191,9742.6,65.24952271
"Korea, Rep. of",2014,469.3712,6347,297.5017573,97.10832313,9743,65.1442061
"Korea, Rep. of",2015,483.1329,6337,306.2243418,96.95532436,9744.5,65.03155626
"Korea, Rep. of",2016,496.133,6325,314.4642009,96.77172583,9748.9,64.87911457
"Korea, Rep. of",2017,511.9928,6317,324.5166251,96.64932681,9751,64.78309917
"Korea, Rep. of",2018,521.5889,6307,330.5989254,96.49632803,9752,64.67391304
"Korea, Rep. of",2019,533.7967,6297,338.3366007,96.34332925,9760,64.51844262
"Korea, Rep. of",2020,545.5859,6287,345.8089546,96.19033048,9760,64.41598361
Malaysia,1992,2525.9073,20433.07,100,100,32855,62.19166033
Malaysia,1993,2504.4315,20340.355,99.14977877,99.54625027,32855,61.90946583
Malaysia,1994,2482.9557,20247.64,98.29955755,99.09250054,32855,61.62727134
Malaysia,1995,2461.4799,20154.925,97.44933632,98.63875081,32855,61.34507685
Malaysia,1996,2440.0041,20062.21,96.5991151,98.18500108,32855,61.06288236
Malaysia,1997,2418.5283,19969.495,95.74889387,97.73125135,32855,60.78068787
Malaysia,1998,2397.0525,19876.78,94.89867265,97.27750162,32855,60.49849338
Malaysia,1999,2375.5767,19784.065,94.04845142,96.82375189,32855,60.21629889
Malaysia,2000,2354.1009,19691.35,93.1982302,96.37000216,32855,59.9341044
Malaysia,2001,2335.4519,19616.98,92.45992123,96.00603336,32855,59.70774616
Malaysia,2002,2316.8029,19542.61,91.72161227,95.64206456,32855,59.48138792
Malaysia,2003,2298.154,19468.24,90.98330727,95.27809575,32855,59.25502968
Malaysia,2004,2279.505,19393.87,90.2449983,94.91412695,32855,59.02867144
Malaysia,2005,2260.856,19319.5,89.50668934,94.55015815,32855,58.80231319
Malaysia,2006,2242.2071,19245.13,88.76838433,94.18618935,32855,58.57595495
Malaysia,2007,2223.5581,19170.76,88.03007537,93.82222055,32855,58.34959671
Malaysia,2008,2204.9091,19096.39,87.29176641,93.45825175,32855,58.12323847
Malaysia,2009,2186.2601,19022.02,86.55345744,93.09428294,32855,57.89688023
Malaysia,2010,2167.6112,18947.65,85.81515244,92.73031414,32855,57.67052199
Malaysia,2011,2210.3005,19050.964,87.5052105,93.23593567,32855,57.98497641
Malaysia,2012,2252.9899,19154.278,89.19527253,93.74155719,32855,58.29943083
Malaysia,2013,2295.6793,19257.592,90.88533455,94.24717872,32855,58.61388525
Malaysia,2014,2338.3687,19360.906,92.57539657,94.75280024,32855,58.92833967
Malaysia,2015,2381.058,19464.22,94.26545463,95.25842176,32855,59.2427941
Malaysia,2016,2362.1805,19314.64,93.51809942,94.52637318,32855,58.78752093
Malaysia,2017,2356.0471,19264.49,93.27527974,94.28093772,32855,58.63488054
Malaysia,2018,2350.1059,19214.34,93.04006921,94.03550225,32855,58.48224015
Malaysia,2019,2343.9721,19164.19,92.79723369,93.79006679,32855,58.32959976
Malaysia,2020,2337.8382,19114.04,92.55439422,93.54463133,32855,58.17695937
Mexico,1992,1931.2182,70149.59,100,100,194395,36.08610818
Mexico,1993,1925.1333,69928.56,99.68491908,99.68491619,194395,35.9724067
Mexico,1994,1919.0483,69707.53,99.36983299,99.36983238,194395,35.85870521
Mexico,1995,1912.9633,69486.5,99.05474689,99.05474857,194395,35.74500373
Mexico,1996,1906.8784,69265.47,98.73966598,98.73966476,194395,35.63130225
Mexico,1997,1900.7934,69044.44,98.42457988,98.42458096,194395,35.51760076
Mexico,1998,1894.7085,68823.41,98.10949897,98.10949715,194395,35.40389928
Mexico,1999,1888.6235,68602.38,97.79441287,97.79441334,194395,35.29019779
Mexico,2000,1882.5386,68381.35,97.47933196,97.47932953,194395,35.17649631
Mexico,2001,1900.7379,68237.546,98.42170605,97.27433332,194395,35.10252116
Mexico,2002,1918.9372,68093.742,99.36408014,97.06933711,194395,35.028546
Mexico,2003,1937.1365,67949.938,100.3064542,96.8643409,194395,34.95457085
Mexico,2004,1955.3358,67806.134,101.2488283,96.65934469,194395,34.88059569
Mexico,2005,1973.5351,67662.33,102.1912024,96.45434849,194395,34.80662054
Mexico,2006,1991.7344,67518.526,103.1335765,96.24935228,194395,34.73264539
Mexico,2007,2009.9337,67374.722,104.0759506,96.04435607,194395,34.65867023
Mexico,2008,2028.1331,67230.918,105.0183299,95.83935986,194395,34.58469508
Mexico,2009,2046.3324,67087.114,105.960704,95.63436365,194395,34.51071993
Mexico,2010,2064.5317,66943.31,106.9030781,95.42936744,194395,34.43674477
Mexico,2011,2060.7544,66820.83,106.7074865,95.25476913,194395,34.37373904
Mexico,2012,2056.9771,66698.35,106.5118949,95.08017082,194395,34.3107333
Mexico,2013,2053.1998,66575.87,106.3163034,94.90557251,194395,34.24772757
Mexico,2014,2049.4225,66453.39,106.1207118,94.73097419,194395,34.18472183
Mexico,2015,2045.6453,66330.91,105.9251254,94.55637588,194395,34.12171609
Mexico,2016,2041.7051,66203.15,105.7210987,94.3742508,194395,34.05599424
Mexico,2017,2037.7647,66075.38,105.5170617,94.19211146,194395,33.99026724
Mexico,2018,2033.8243,65947.61,105.3130247,94.00997212,194395,33.92454024
Mexico,2019,2029.8842,65819.85,105.1090032,93.82784703,194395,33.85881839
Mexico,2020,2025.9437,65692.08,104.904961,93.64570769,194395,33.79309139
Nepal,1992,614.5267,5693.752,100,100,14300,39.81644755
Nepal,1993,615.7005,5704.628,100.1910088,100.1910164,14300,39.8925035
Nepal,1994,616.8743,5715.504,100.3820176,100.3820328,14300,39.96855944
Nepal,1995,618.0482,5726.38,100.5730426,100.5730492,14300,40.04461538
Nepal,1996,619.222,5737.256,100.7640514,100.7640656,14300,40.12067133
Nepal,1997,620.3959,5748.132,100.9550765,100.955082,14300,40.19672727
Nepal,1998,621.5697,5759.008,101.1460853,101.1460984,14300,40.27278322
Nepal,1999,622.7436,5769.884,101.3371103,101.3371148,14300,40.34883916
Nepal,2000,623.9174,5780.76,101.5281191,101.5281312,14335,40.32619463
Nepal,2001,625.8739,5798.887,101.8464942,101.8464977,14335,40.45264737
Nepal,2002,627.8303,5817.014,102.164853,102.1648642,14335,40.5791001
Nepal,2003,629.7868,5835.141,102.4832281,102.4832307,14335,40.70555284
Nepal,2004,631.7432,5853.268,102.801587,102.8015973,14335,40.83200558
Nepal,2005,633.6997,5871.395,103.1199621,103.1199638,14335,40.95845832
Nepal,2006,635.6561,5889.522,103.4383209,103.4383303,14335,41.08491106
Nepal,2007,637.6126,5907.649,103.756696,103.7566968,14335,41.21136379
Nepal,2008,639.569,5925.776,104.0750548,104.0750633,14335,41.33781653
Nepal,2009,641.5255,5943.903,104.3934299,104.3934299,14335,41.46426927
Nepal,2010,643.4819,5962.03,104.7117888,104.7117964,14335,41.59072201
Nepal,2011,643.4819,5962.03,104.7117888,104.7117964,14335,41.59072201
Nepal,2012,643.4819,5962.03,104.7117888,104.7117964,14335,41.59072201
Nepal,2013,643.4819,5962.03,104.7117888,104.7117964,14335,41.59072201
Nepal,2014,643.4819,5962.03,104.7117888,104.7117964,14335,41.59072201
Nepal,2015,643.4819,5962.03,104.7117888,104.7117964,14335,41.59072201
Nepal,2016,643.4819,5962.03,104.7117888,104.7117964,14335,41.59072201
Nepal,2017,643.4819,5962.03,104.7117888,104.7117964,14335,41.59072201
Nepal,2018,643.4819,5962.03,104.7117888,104.7117964,14335,41.59072201
Nepal,2019,643.4819,5962.03,104.7117888,104.7117964,14335,41.59072201
Nepal,2020,643.4819,5962.03,104.7117888,104.7117964,14335,41.59072201
Pakistan,1992,225.7512,4891.684,100,100,77088,6.345584267
Pakistan,1993,223.5566,4844.131,99.02786785,99.02788079,77088,6.283897623
Pakistan,1994,221.3621,4796.578,98.05577999,98.05576157,77088,6.22221098
Pakistan,1995,219.1675,4749.025,97.08364784,97.08364236,77088,6.160524336
Pakistan,1996,216.9729,4701.472,96.11151569,96.11152315,77088,6.098837692
Pakistan,1997,214.7784,4653.919,95.13942783,95.13940394,77088,6.037151048
Pakistan,1998,212.5838,4606.366,94.16729568,94.16728472,77088,5.975464404
Pakistan,1999,210.3892,4558.813,93.19516353,93.19516551,77088,5.91377776
Pakistan,2000,208.1946,4511.26,92.22303137,92.2230463,77088,5.852091117
Pakistan,2001,206.2677,4469.507,91.36948109,91.36949566,77088,5.797928342
Pakistan,2002,204.3408,4427.754,90.51593081,90.51594502,77088,5.743765567
Pakistan,2003,202.4139,4386.001,89.66238053,89.66239438,77088,5.689602792
Pakistan,2004,200.487,4344.248,88.80883025,88.80884374,77088,5.635440017
Pakistan,2005,198.5601,4302.495,87.95527997,87.95529311,77088,5.581277242
Pakistan,2006,196.6332,4260.742,87.10172969,87.10174247,77088,5.527114467
Pakistan,2007,194.7063,4218.989,86.24817941,86.24819183,77088,5.472951692
Pakistan,2008,192.7794,4177.236,85.39462913,85.39464119,77088,5.418788917
Pakistan,2009,190.8525,4135.483,84.54107885,84.54109055,77088,5.364626142
Pakistan,2010,188.9256,4093.73,83.68752857,83.68753991,77088,5.310463367
Pakistan,2011,187.4384,4061.504,83.02875023,83.02874838,77088,5.268659195
Pakistan,2012,185.9512,4029.278,82.3699719,82.36995685,77088,5.226855023
Pakistan,2013,184.4639,3997.052,81.71114927,81.71116532,77088,5.185050851
Pakistan,2014,182.9767,3964.826,81.05237093,81.05237378,77088,5.143246679
Pakistan,2015,181.4895,3932.6,80.39359259,80.39358225,77088,5.101442507
Pakistan,2016,178.5193,3868.24,79.07789637,79.07787993,77088,5.017953508
Pakistan,2017,177.6738,3849.92,78.70336902,78.70336678,77088,4.99418846
Pakistan,2018,175.766,3808.58,77.85827938,77.85825904,77088,4.940561436
Pakistan,2019,173.8581,3767.24,77.01314545,77.0131513,77088,4.886934413
Pakistan,2020,171.9503,3725.9,76.16805581,76.16804356,77088,4.833307389
Peru,1992,10781.8546,76218.398,100,100,128000,59.54562344
Peru,1993,10765.5766,76103.327,99.84902412,99.84902464,128000,59.45572422
Peru,1994,10749.2987,75988.256,99.69804916,99.69804928,128000,59.365825
Peru,1995,10733.0207,75873.185,99.54707328,99.54707392,128000,59.27592578
Peru,1996,10716.7428,75758.114,99.39609833,99.39609856,128000,59.18602656
Peru,1997,10700.4649,75643.043,99.24512338,99.24512321,128000,59.09612734
Peru,1998,10684.1869,75527.972,99.09414749,99.09414785,128000,59.00622813
Peru,1999,10667.909,75412.901,98.94317254,98.94317249,128000,58.91632891
Peru,2000,10651.631,75297.83,98.79219666,98.79219713,128000,58.82642969
Peru,2001,10633.9764,75173.027,98.62845303,98.6284532,128000,58.72892734
Peru,2002,10616.3218,75048.224,98.4647094,98.46470927,128000,58.631425
Peru,2003,10598.6671,74923.421,98.30096485,98.30096534,128000,58.53392266
Peru,2004,10581.0125,74798.618,98.13722122,98.13722141,128000,58.43642031
Peru,2005,10563.3579,74673.815,97.97347759,97.97347748,128000,58.33891797
Peru,2006,10545.7032,74549.012,97.80973303,97.80973355,128000,58.24141563
Peru,2007,10528.0486,74424.209,97.6459894,97.64598962,128000,58.14391328
Peru,2008,10510.394,74299.406,97.48224577,97.48224569,128000,58.04641094
Peru,2009,10492.7393,74174.603,97.31850122,97.31850176,128000,57.94890859
Peru,2010,10475.0847,74049.8,97.15475759,97.15475783,128000,57.85140625
Peru,2011,10450.8874,73878.746,96.93033145,96.9303317,128000,57.71777031
Peru,2012,10426.6901,73707.692,96.70590531,96.70590557,128000,57.58413438
Peru,2013,10402.4928,73536.638,96.48147917,96.48147945,128000,57.45049844
Peru,2014,10378.2955,73365.584,96.25705303,96.25705332,128000,57.3168625
Peru,2015,10354.0982,73194.53,96.03262689,96.03262719,128000,57.18322656
Peru,2016,10328.0342,73010.28,95.7908874,95.79088765,128000,57.03928125
Peru,2017,10303.208,72834.78,95.56062832,95.56062829,128000,56.90217188
Peru,2018,10280.7526,72676.04,95.35235803,95.35235836,128000,56.77815625
Peru,2019,10256.3027,72503.2,95.12558906,95.12558897,128000,56.643125
Peru,2020,10231.8541,72330.37,94.89883215,94.89883269,128000,56.50810156
Philippines,1992,937.98,7684.9,100,100,29817,25.773552
Philippines,1993,937.3243,7637.945,99.93009446,99.3889966,29817,25.61607472
Philippines,1994,936.6687,7590.99,99.86019958,98.77799321,29817,25.45859744
Philippines,1995,936.013,7544.035,99.79029404,98.16698981,29817,25.30112017
Philippines,1996,935.3573,7497.08,99.72038849,97.55598641,29817,25.14364289
Philippines,1997,934.7017,7450.125,99.65049361,96.94498302,29817,24.98616561
Philippines,1998,934.046,7403.17,99.58058807,96.33397962,29817,24.82868833
Philippines,1999,933.3903,7356.215,99.51068253,95.72297623,29817,24.67121105
Philippines,2000,932.7347,7309.26,99.44078765,95.11197283,29817,24.51373378
Philippines,2001,932.0847,7262.306,99.3714898,94.50098245,29817,24.35625985
Philippines,2002,931.4347,7215.352,99.30219194,93.88999206,29817,24.19878593
Philippines,2003,930.7847,7168.398,99.23289409,93.27900168,29817,24.041312
Philippines,2004,930.1348,7121.444,99.1636069,92.66801129,29817,23.88383808
Philippines,2005,929.4848,7074.49,99.09430905,92.05702091,29817,23.72636415
Philippines,2006,928.8348,7027.536,99.02501119,91.44603053,29817,23.56889023
Philippines,2007,928.1848,6980.582,98.95571334,90.83504014,29817,23.41141631
Philippines,2008,927.5348,6933.628,98.88641549,90.22404976,29817,23.25394238
Philippines,2009,926.8849,6886.674,98.8171283,89.61305938,29817,23.09646846
Philippines,2010,926.2349,6839.72,98.74783044,89.00206899,29817,22.93899453
Philippines,2011,925.5723,6874.606,98.67718928,89.45602415,29817,23.0559949
Philippines,2012,924.9097,6909.492,98.60654811,89.90997931,29817,23.17299527
Philippines,2013,924.2471,6944.378,98.53590695,90.36393447,29817,23.28999564
Philippines,2014,923.5845,6979.264,98.46526578,90.81788963,29817,23.40699601
Philippines,2015,922.9219,7014.15,98.39462462,91.27184479,29817,23.52399638
Philippines,2016,922.2259,7049.04,98.32042261,91.725852,29817,23.64101016
Philippines,2017,921.6193,7083.93,98.25575172,92.1798592,29817,23.75802395
Philippines,2018,920.9604,7118.81,98.18550502,92.63373629,29817,23.87500419
Philippines,2019,920.252,7153.7,98.10998102,93.0877435,29817,23.99201798
Philippines,2020,919.5644,7188.59,98.03667456,93.54175071,29817,24.10903176
Russian Federation,1992,35910.5649,809013.62,100,100,1638995,49.36034704
Russian Federation,1993,36020.4125,809045.48,100.3058922,100.0039381,1638618,49.37364779
Russian Federation,1994,36130.2602,809077.34,100.6117846,100.0078763,1638133,49.39021068
Russian Federation,1995,36240.1078,809109.2,100.9176767,100.0118144,1637838,49.40105187
Russian Federation,1996,36349.9554,809141.06,101.2235689,100.0157525,1637796,49.40426402
Russian Federation,1997,36459.8031,809172.92,101.5294613,100.0196906,1637865,49.40412793
Russian Federation,1998,36569.6507,809204.78,101.8353535,100.0236288,1638130,49.39808074
Russian Federation,1999,36679.4984,809236.64,102.1412459,100.0275669,1638851,49.37829247
Russian Federation,2000,36789.346,809268.5,102.4471381,100.031505,1638134,49.40184991
Russian Federation,2001,37006.7596,809855.21,103.0525688,100.1040267,1638044,49.44038194
Russian Federation,2002,37224.1731,810441.92,103.6579993,100.1765483,1638094,49.47468949
Russian Federation,2003,37441.5867,811028.63,104.26343,100.24907,1638098,49.51038522
Russian Federation,2004,37659.0003,811615.34,104.8688608,100.3215916,1638123,49.54544561
Russian Federation,2005,37876.4138,812202.05,105.4742912,100.3941133,1638139,49.58077733
Russian Federation,2006,38093.8274,812788.76,106.079722,100.4666349,1637774,49.6276507
Russian Federation,2007,38311.241,813375.47,106.6851527,100.5391566,1637774,49.66347433
Russian Federation,2008,38528.6545,813962.18,107.2905832,100.6116782,1637687,49.70193816
Russian Federation,2009,38746.0681,814548.89,107.8960139,100.6841999,1637687,49.73776369
Russian Federation,2010,38963.4817,815135.6,108.5014447,100.7567215,1637687,49.77358921
Russian Federation,2011,39158.7337,815094.572,109.0451621,100.7516501,1637687,49.77108397
Russian Federation,2012,39353.9857,815053.544,109.5888795,100.7465788,1637687,49.76857873
Russian Federation,2013,39549.2378,815012.516,110.1325972,100.7415074,1637687,49.76607349
Russian Federation,2014,39744.4898,814971.488,110.6763146,100.7364361,1637687,49.76356825
Russian Federation,2015,39939.7418,814930.46,111.2200321,100.7313647,1637687,49.76106301
Russian Federation,2016,40120.2571,815121.03,111.7227123,100.7549205,1637687,49.77269955
Russian Federation,2017,40284.5462,815311.6,112.1802074,100.7784764,1637687,49.78433608
Russian Federation,2018,40431.3022,815311.6,112.5888783,100.7784764,1637687,49.78433608
Russian Federation,2019,40586.2115,815311.6,113.0202535,100.7784764,1637687,49.78433608
Russian Federation,2020,40741.1206,815311.6,113.4516283,100.7784764,1637687,49.78433608
South Africa,1992,897.4958,18069.29,100,100,121309,14.89525921
South Africa,1993,895.8663,18032.89,99.81843926,99.79855324,121309,14.8652532
South Africa,1994,894.2369,17996.49,99.63688967,99.59710647,121309,14.83524718
South Africa,1995,892.6074,17960.09,99.45532893,99.39565971,121309,14.80524116
South Africa,1996,890.9779,17923.69,99.27376819,99.19421294,121309,14.77523514
South Africa,1997,889.3484,17887.29,99.09220745,98.99276618,121309,14.74522913
South Africa,1998,887.7189,17850.89,98.91064671,98.79131942,121309,14.71522311
South Africa,1999,886.0895,17814.49,98.72909712,98.58987265,121309,14.68521709
South Africa,2000,884.46,17778.09,98.54753638,98.38842589,121309,14.65521107
South Africa,2001,882.8232,17741.69,98.36516227,98.18697912,121309,14.62520505
South Africa,2002,881.1865,17705.29,98.1827993,97.98553236,121309,14.59519904
South Africa,2003,879.5497,17668.89,98.00042518,97.78408559,121309,14.56519302
South Africa,2004,877.9129,17632.49,97.81805107,97.58263883,121309,14.535187
South Africa,2005,876.2762,17596.09,97.6356881,97.38119207,121309,14.50518098
South Africa,2006,874.6394,17559.69,97.45331399,97.1797453,121309,14.47517497
South Africa,2007,873.0027,17523.29,97.27095102,96.97829854,121309,14.44516895
South Africa,2008,871.3659,17486.89,97.0885769,96.77685177,121309,14.41516293
South Africa,2009,869.7291,17450.49,96.90620279,96.57540501,121309,14.38515691
South Africa,2010,868.0924,17414.09,96.72383982,96.37395825,121309,14.3551509
South Africa,2011,866.4846,17377.69,96.54469692,96.17251148,121309,14.32514488
South Africa,2012,864.8769,17341.29,96.36556516,95.97106472,121309,14.29513886
South Africa,2013,863.2691,17304.89,96.18642227,95.76961795,121309,14.26513284
South Africa,2014,861.6614,17268.49,96.00729051,95.56817119,121309,14.23512682
South Africa,2015,860.0536,17232.09,95.82814761,95.36672443,121309,14.20512081
South Africa,2016,858.4088,17195.69,95.64488213,95.16527766,121309,14.17511479
South Africa,2017,856.5918,17159.29,95.44242993,94.9638309,121309,14.14510877
South Africa,2018,854.9459,17122.89,95.25904188,94.76238413,121309,14.11510275
South Africa,2019,853.2993,17086.49,95.07557584,94.56093737,121309,14.08509674
South Africa,2020,851.652,17050.09,94.89203181,94.35949061,121309,14.05509072
Spain,1992,535.6008,14542.514,100,100,49944,29.11763976
Spain,1993,547.3469,14861.441,102.1930699,102.1930665,49944,29.75620895
Spain,1994,559.093,15180.368,104.3861398,104.386133,49944,30.39477815
Spain,1995,570.839,15499.295,106.5791911,106.5791994,49944,31.03334735
Spain,1996,582.5851,15818.222,108.772261,108.7722659,49944,31.67191655
Spain,1997,594.3312,16137.149,110.9653309,110.9653324,49944,32.31048574
Spain,1998,606.0773,16456.076,113.1584008,113.1583989,49944,32.94905494
Spain,1999,617.8234,16775.003,115.3514707,115.3514654,49944,33.58762414
Spain,2000,629.5694,17093.93,117.544522,117.5445318,49900,34.25637275
Spain,2001,634.915,17239.071,118.5425787,118.542578,49852,34.58050028
Spain,2002,640.2605,17384.212,119.5406168,119.5406241,49904,34.83530779
Spain,2003,645.6061,17529.353,120.5386736,120.5386703,49921,35.11418641
Spain,2004,650.9516,17674.494,121.5367117,121.5367164,49918,35.40705557
Spain,2005,656.2972,17819.635,122.5347684,122.5347626,49909,35.70425174
Spain,2006,661.6427,17964.776,123.5328065,123.5328087,49898,36.00299812
Spain,2007,666.9882,18109.917,124.5308446,124.5308548,49911,36.28442027
Spain,2008,672.3338,18255.058,125.5289014,125.528901,49880,36.59795108
Spain,2009,677.6793,18400.199,126.5269395,126.5269471,49866,36.89928809
Spain,2010,683.0249,18545.34,127.5249962,127.5249933,50001,37.0899382
Spain,2011,685.294,18546.508,127.9486513,127.5330249,49988,37.10192046
Spain,2012,687.5632,18547.676,128.3723251,127.5410565,50021,37.07977849
Spain,2013,689.8323,18548.844,128.7959801,127.5490881,50021,37.08211351
Spain,2014,692.1015,18550.012,129.2196539,127.5571198,50021,37.08444853
Spain,2015,694.3707,18551.18,129.6433276,127.5651514,49966.1,37.12753247
Spain,2016,710.8512,18555.24,132.7203395,127.5930695,49956.4,37.14286858
Spain,2017,713.0483,18559.3,133.1305517,127.6209877,49954.735,37.15223392
Spain,2018,713.3988,18563.59,133.1959922,127.6504874,49960.3479,37.15664678
Spain,2019,713.7493,18567.88,133.2614328,127.6799871,49957.0036,37.16772156
Spain,2020,713.9142,18572.17,133.2922206,127.7094868,49955.6645,37.17730549
Sri Lanka,1992,109.2732,2313.548,100,100,6271,36.89280816
Sri Lanka,1993,108.4068,2295.157,99.20712489,99.20507377,6271,36.59953755
Sri Lanka,1994,107.5403,2276.766,98.41415827,98.41014753,6271,36.30626694
Sri Lanka,1995,106.6739,2258.375,97.62128317,97.6152213,6271,36.01299633
Sri Lanka,1996,105.8074,2239.984,96.82831655,96.82029506,6271,35.71972572
Sri Lanka,1997,104.941,2221.593,96.03544144,96.02536883,6271,35.42645511
Sri Lanka,1998,104.0746,2203.202,95.24256634,95.23044259,6271,35.1331845
Sri Lanka,1999,103.2081,2184.811,94.44959972,94.43551636,6271,34.83991389
Sri Lanka,2000,102.3417,2166.42,93.65672461,93.64059012,6271,34.54664328
Sri Lanka,2001,102.0534,2160.14,93.39289048,93.36914557,6271,34.44649976
Sri Lanka,2002,101.7652,2153.86,93.12914786,93.09770102,6271,34.34635624
Sri Lanka,2003,101.4769,2147.58,92.86531373,92.82625647,6271,34.24621273
Sri Lanka,2004,101.1887,2141.3,92.60157111,92.55481192,6271,34.14606921
Sri Lanka,2005,100.9004,2135.02,92.33773697,92.28336736,6271,34.04592569
Sri Lanka,2006,100.6122,2128.74,92.07399436,92.01192281,6271,33.94578217
Sri Lanka,2007,100.3239,2122.46,91.81016022,91.74047826,6271,33.84563865
Sri Lanka,2008,100.0357,2116.18,91.5464176,91.46903371,6271,33.74549514
Sri Lanka,2009,99.7474,2109.9,91.28258347,91.19758916,6271,33.64535162
Sri Lanka,2010,99.4592,2103.62,91.01884085,90.92614461,6271,33.5452081
Sri Lanka,2011,99.6634,2108.66,91.20571192,91.14399183,6271,33.62557806
Sri Lanka,2012,99.8676,2113.7,91.39258299,91.36183905,6271,33.70594801
Sri Lanka,2013,100.0718,2118.74,91.57945407,91.57968627,6271,33.78631797
Sri Lanka,2014,100.2761,2123.78,91.76641665,91.79753349,6271,33.86668793
Sri Lanka,2015,100.4803,2128.82,91.95328772,92.01538071,6189.3,34.39516585
Sri Lanka,2016,100.3312,2125.66,91.81684073,91.87879396,6189.3,34.34411
Sri Lanka,2017,100.182,2122.5,91.68030221,91.74220721,6189.3,34.29305414
Sri Lanka,2018,100.0328,2119.34,91.5437637,91.60562046,6186.4,34.25804992
Sri Lanka,2019,99.8837,2116.18,91.40731671,91.46903371,6186.447,34.20671025
Sri Lanka,2020,99.7134,2113.02,91.2514688,91.33244696,6186,34.15809893
Thailand,1992,1593.3329,19288.4,100,100,51089,37.75450684
Thailand,1993,1590.4869,19252.1,99.8213807,99.81180399,51089,37.68345436
Thailand,1994,1587.6409,19215.8,99.64276141,99.62360797,51089,37.61240189
Thailand,1995,1584.7948,19179.5,99.46413584,99.43541196,51089,37.54134941
Thailand,1996,1581.9488,19143.2,99.28551654,99.24721594,51089,37.47029693
Thailand,1997,1579.1028,19106.9,99.10689725,99.05901993,51089,37.39924446
Thailand,1998,1576.2567,19070.6,98.92827168,98.87082391,51089,37.32819198
Thailand,1999,1573.4107,19034.3,98.74965238,98.6826279,51089,37.2571395
Thailand,2000,1570.5647,18998,98.57103308,98.49443189,51089,37.18608702
Thailand,2001,1580.0539,19105.5,99.16658973,99.05176168,51089,37.39650414
Thailand,2002,1589.5431,19213,99.76214638,99.60909147,51089,37.60692126
Thailand,2003,1599.0323,19320.5,100.357703,100.1664213,51089,37.81733837
Thailand,2004,1608.5215,19428,100.9532597,100.7237511,51089,38.02775549
Thailand,2005,1618.0107,19535.5,101.5488163,101.2810809,51089,38.2381726
Thailand,2006,1627.4999,19643,102.144373,101.8384107,51089,38.44858972
Thailand,2007,1636.9892,19750.5,102.7399359,102.3957404,51089,38.65900683
Thailand,2008,1646.4784,19858,103.3354925,102.9530702,51089,38.86942395
Thailand,2009,1655.9676,19965.5,103.9310492,103.5104,51089,39.07984106
Thailand,2010,1665.4568,20073,104.5266058,104.0677298,51089,39.29025818
Thailand,2011,1665.7391,20070.6,104.5443234,104.0552871,51089,39.28556049
Thailand,2012,1666.0215,20068.2,104.5620473,104.0428444,51089,39.28086281
Thailand,2013,1666.3038,20065.8,104.5797648,104.0304017,51089,39.27616512
Thailand,2014,1666.5862,20063.4,104.5974887,104.017959,51089,39.27146744
Thailand,2015,1666.8685,20061,104.6152063,104.0055163,51089,39.26676975
Thailand,2016,1663.2125,20017,104.3857501,103.7773999,51089,39.18064554
Thailand,2017,1660.0215,19981,104.1854781,103.5907592,51089,39.11018027
Thailand,2018,1657.0306,19945,103.9977647,103.4041185,51089,39.03971501
Thailand,2019,1653.8406,19909,103.7975554,103.2174779,51089,38.96924974
Thailand,2020,1650.8501,19873,103.6098671,103.0308372,51089,38.89878447
United Kingdom,1992,147.1588,2813.2,100,100,24193,11.6281569
United Kingdom,1993,151.2882,2830.8,102.8060843,100.6256221,24193,11.70090522
United Kingdom,1994,155.4176,2848.4,105.6121686,101.2512441,24193,11.77365354
United Kingdom,1995,159.547,2866,108.4182529,101.8768662,24193,11.84640185
United Kingdom,1996,163.6764,2883.6,111.2243372,102.5024883,24193,11.91915017
United Kingdom,1997,167.8058,2901.2,114.0304216,103.1281103,24193,11.99189848
United Kingdom,1998,171.9352,2918.8,116.8365059,103.7537324,24193,12.0646468
United Kingdom,1999,176.0646,2936.4,119.6425902,104.3793545,24193,12.13739511
United Kingdom,2000,180.194,2954,122.4486745,105.0049765,24193,12.21014343
United Kingdom,2001,183.8935,2964.5,124.9626254,105.378217,24193,12.25354441
United Kingdom,2002,187.593,2975,127.4765763,105.7514574,24193,12.2969454
United Kingdom,2003,191.2925,2985.5,129.9905272,106.1246979,24193,12.34034638
United Kingdom,2004,194.992,2996,132.5044782,106.4979383,24193,12.38374736
United Kingdom,2005,198.6915,3006.5,135.0184291,106.8711787,24193,12.42714835
United Kingdom,2006,202.391,3017,137.53238,107.2444192,24193,12.47054933
United Kingdom,2007,206.0905,3027.5,140.0463309,107.6176596,24193,12.51395032
United Kingdom,2008,209.79,3038,142.5602818,107.9909,24193,12.5573513
United Kingdom,2009,213.4895,3048.5,145.0742327,108.3641405,24193,12.60075228
United Kingdom,2010,217.189,3059,147.5881836,108.7373809,24193,12.64415327
United Kingdom,2011,220.4452,3078.2,149.8008954,109.4198777,24193,12.72351507
United Kingdom,2012,223.7014,3097.4,152.0136071,110.1023745,24193,12.80287687
United Kingdom,2013,226.9576,3116.6,154.2263188,110.7848713,24193,12.88223866
United Kingdom,2014,230.2138,3135.8,156.4390305,111.4673681,24193,12.96160046
United Kingdom,2015,233.47,3155,158.6517422,112.1498649,24193,13.04096226
United Kingdom,2016,236.925,3159,160.9995461,112.2920518,24193,13.05749597
United Kingdom,2017,240.464,3164,163.4044311,112.4697853,24193,13.07816311
United Kingdom,2018,241.148,3173,163.8692351,112.7897057,24193,13.11536395
United Kingdom,2019,248.196,3182,168.6586191,113.109626,24193,13.15256479
United Kingdom,2020,252.01,3190,171.2503771,113.3939997,24193,13.18563221
United States,1992,14499.0523,302667.2,100,100,915896,33.04602269
United States,1993,14624.3687,302775.8,100.8643075,100.035881,915896,33.05787993
United States,1994,14749.6851,302884.4,101.728615,100.071762,915896,33.06973718
United States,1995,14875.0015,302993,102.5929226,100.107643,915896,33.08159442
United States,1996,15000.3179,303101.6,103.4572301,100.143524,915896,33.09345166
United States,1997,15125.6343,303210.2,104.3215376,100.179405,915896,33.1053089
United States,1998,15250.9507,303318.8,105.1858451,100.215286,915896,33.11716614
United States,1999,15376.2671,303427.4,106.0501527,100.251167,915896,33.12902338
United States,2000,15501.5835,303536,106.9144602,100.287048,916192,33.13017359
United States,2001,15622.2178,304054.4,107.7464753,100.4583252,916192,33.18675561
United States,2002,15742.8521,304572.8,108.5784903,100.6296024,916192,33.24333764
United States,2003,15863.4864,305091.2,109.4105054,100.8008796,916192,33.29991967
United States,2004,15984.1207,305609.6,110.2425205,100.9721569,916192,33.35650169
United States,2005,16104.755,306128,111.0745355,101.1434341,916192,33.41308372
United States,2006,16225.3892,306646.4,111.9065499,101.3147113,916192,33.46966575
United States,2007,16346.0235,307164.8,112.738565,101.4859886,916192,33.52624777
United States,2008,16466.6578,307683.2,113.5705801,101.6572658,914742,33.6360635
United States,2009,16587.2921,308201.6,114.4025951,101.828543,914742,33.69273522
United States,2010,16707.9264,308720,115.2346102,101.9998203,914742,33.74940694
United States,2011,16833.2032,308995,116.0986446,102.0906791,914742,33.77947006
United States,2012,16958.48,309270,116.962679,102.181538,914742,33.80953318
United States,2013,17083.7569,309545,117.8267141,102.2723969,914742,33.8395963
United States,2014,17209.0337,309820,118.6907485,102.3632557,914742,33.86965942
United States,2015,17334.3105,310095,119.5547829,102.4541146,914742,33.89972254
United States,2016,17476.9542,310095,120.5385969,102.4541146,914742,33.89972254
United States,2017,17587.0622,309795,121.298012,102.3549959,914742,33.86692641
United States,2018,17704.7843,309795,122.1099416,102.3549959,914742,33.86692641
United States,2019,17704.7843,309795,122.1099416,102.3549959,914742,33.86692641
United States,2020,17704.7843,309795,122.1099416,102.3549959,914742,33.86692641
Vietnam,1992,350.1345,9857.588,100,100,32549,30.28537897
Vietnam,1993,371.3423,10098.402,106.0570438,102.4429303,32549,31.02522965
Vietnam,1994,392.5501,10339.216,112.1140876,104.8858605,32549,31.76508034
Vietnam,1995,413.7578,10580.03,118.1711028,107.3287908,32549,32.50493103
Vietnam,1996,434.9656,10820.844,124.2281466,109.771721,32549,33.24478171
Vietnam,1997,456.1734,11061.658,130.2851904,112.2146513,32549,33.9846324
Vietnam,1998,477.3811,11302.472,136.3422056,114.6575816,32549,34.72448309
Vietnam,1999,498.5889,11543.286,142.3992494,117.1005118,32549,35.46433377
Vietnam,2000,519.7967,11784.1,148.4562932,119.5434421,31106,37.88368803
Vietnam,2001,516.2818,11944.496,147.4524219,121.1705744,31109,38.39562827
Vietnam,2002,512.7669,12104.892,146.4485505,122.7977067,31055,38.97888263
Vietnam,2003,509.252,12265.288,145.4446791,124.424839,31007,39.55651305
Vietnam,2004,505.7371,12425.684,144.4408077,126.0519713,31007,40.07380269
Vietnam,2005,502.2222,12586.08,143.4369364,127.6791037,31283.7,40.23206974
Vietnam,2006,498.7073,12746.476,142.433065,129.306236,31279.5,40.75025496
Vietnam,2007,495.1924,12906.872,141.4291936,130.9333683,31255.8,41.29432617
Vietnam,2008,491.6775,13067.268,140.4253223,132.5605006,31279.2,41.7762219
Vietnam,2009,488.1627,13227.664,139.4214795,134.1876329,31276.2,42.29306629
Vietnam,2010,484.6478,13388.06,138.4176081,135.8147652,31329.4,42.73321545
Vietnam,2011,492.226,13522.82,140.5819764,137.1818339,31328.4,43.16473232
Vietnam,2012,499.8042,13657.58,142.7463446,138.5489026,31345.7,43.57082471
Vietnam,2013,507.3823,13792.34,144.9106843,139.9159713,31300.733,44.06395211
Vietnam,2014,514.9605,13927.1,147.0750526,141.28304,31337.1,44.44284889
Vietnam,2015,522.5387,14061.86,149.2394209,142.6501087,31338.3,44.87116404
Vietnam,2016,530.5364,14377.68,151.5236002,145.8539351,31338.7,45.87835488
Vietnam,2017,538.8473,14415.39,153.8972309,146.236483,31340.3,45.99633698
Vietnam,2018,542.2641,14491.29,154.8730845,147.0064482,31342.9,46.23468154
Vietnam,2019,542.9192,14567.19,155.060184,147.7764135,31342.9,46.47684165
Vietnam,2020,546.1873,14643.09,155.9935682,148.5463787,31342.9,46.71900175
